drop table if exists grupo/;
drop table if exists equipo/;
drop table if exists usuario/;
drop table if exists rol/;
drop table if exists partido/;
drop table if exists pronostico/;
drop table if exists mundial/;
drop table if exists prode/;
drop table if exists torneo/;

create table usuario (
    id bigint GENERATED BY DEFAULT AS IDENTITY NOT NULL primary key,
    nombre varchar(255) not null,
    email varchar(255) not null unique,
    password varchar(255) null,
    enabled boolean  null,
    inscripcion date default CURRENT_DATE
)/;

create table rol (
    id bigint GENERATED BY DEFAULT AS IDENTITY NOT NULL primary key,
    id_usuario bigint not null,
    permiso varchar(255) not null
)/;

create table mundial (
    id bigint GENERATED BY DEFAULT AS IDENTITY (START WITH 1, INCREMENT BY 1) NOT NULL primary key,
    nombre varchar(20) not null
)/;

create table torneo (
    id bigint GENERATED BY DEFAULT AS IDENTITY (START WITH 1, INCREMENT BY 1) NOT NULL primary key,
    nombre varchar(20) not null,
    id_usuario bigint not null 
)/;

create table grupo (
    id bigint GENERATED BY DEFAULT AS IDENTITY (START WITH 1, INCREMENT BY 1) NOT NULL primary key,
    nombre varchar(10) not null,
    id_mundial bigint
)/;

create table equipo (
    id bigint GENERATED BY DEFAULT AS IDENTITY (START WITH 1, INCREMENT BY 1) NOT NULL primary key,
    nombre varchar(20) not null,
    bandera varchar(50) not null,
    nombre_grupo varchar(20) not null,
    id_grupo bigint not null
)/;

create table partido (
    id bigint GENERATED BY DEFAULT AS IDENTITY NOT NULL primary key,
    fecha date default CURRENT_DATE,
    equipo_local_id bigint,
    equipo_visitante_id bigint,
    goles_local int,
    goles_visitante int,
    partido_terminado boolean default false
)/;

create table prode (
    id bigint GENERATED BY DEFAULT AS IDENTITY NOT NULL primary key,
    puntos int,
    id_usuario bigint,
    id_torneo bigint
)/;

create table pronostico (
    id bigint GENERATED BY DEFAULT AS IDENTITY NOT NULL primary key,
    id_partido bigint,
    id_prode bigint,
    id_grupo bigint,
    goles_local int,
    goles_visitante int
)/;

-- trigger
CREATE TRIGGER prode_pronostico AFTER INSERT ON prode
   REFERENCING NEW ROW AS newrow2
   FOR EACH ROW
   BEGIN ATOMIC
        INSERT INTO pronostico (id_prode, id_partido, id_grupo, goles_local, goles_visitante) values (newrow2.id, 1, 1, 0, 0);
        INSERT INTO pronostico (id_prode, id_partido, id_grupo, goles_local, goles_visitante) values (newrow2.id, 2, 1, 0, 0);
        INSERT INTO pronostico (id_prode, id_partido, id_grupo, goles_local, goles_visitante) values (newrow2.id, 3, 1, 0, 0);
        INSERT INTO pronostico (id_prode, id_partido, id_grupo, goles_local, goles_visitante) values (newrow2.id, 4, 1, 0, 0);
   END/;



-- ----------------------------------------------------------------------------
-- Insert de datos
-- ---------------------------------------------------------------------------
-- Usuario
insert into usuario (id, nombre, email, password, enabled) values (1, 'usuario1', 'usuario1@prodemundial.com', 'ce3a6c2019eeecaf36145479bf2a5e308d9e471da80e2dcec1b60656066eec231ab5b9f76e55ebbd', true)/;
insert into usuario (id, nombre, email, password, enabled) values (2, 'usuario2', 'usuario2@prodemundial.com', 'ce3a6c2019eeecaf36145479bf2a5e308d9e471da80e2dcec1b60656066eec231ab5b9f76e55ebbd', true)/;
insert into usuario (id, nombre, email, password, enabled) values (3, 'usuario3', 'usuario3@prodemundial.com', 'ce3a6c2019eeecaf36145479bf2a5e308d9e471da80e2dcec1b60656066eec231ab5b9f76e55ebbd', true)/;

insert into rol(id, id_usuario, permiso) values (1, 1, 'user')/;
insert into rol(id, id_usuario, permiso) values (2, 2, 'user')/;
insert into rol(id, id_usuario, permiso) values (3, 3, 'user')/;

-- torneo
insert into torneo(id, nombre, id_usuario) values (1, 'mi mundial', 1)/;

-- Prode
insert into prode(id, puntos, id_usuario, id_torneo) values (1, 0, 1, 1)/;
insert into prode(id, puntos, id_usuario, id_torneo) values (2, 0, 2, 1)/;
insert into prode(id, puntos, id_usuario, id_torneo) values (3, 0, 3, null)/;


-- Mundial
insert into mundial(id, nombre) values (1, 'Brasil 2014')/;

-- Grupo
insert into grupo(id, nombre, id_mundial) values (1, 'Grupo A', 1)/;

-- Equipo
insert into equipo (id, nombre,  bandera, nombre_grupo, id_grupo) values (1, 'BRZ','', 'Brazil', 1)/;
insert into equipo (id, nombre,  bandera, nombre_grupo, id_grupo) values (2, 'CRO','', 'Croacia', 1)/;
insert into equipo (id, nombre,  bandera, nombre_grupo, id_grupo) values (3, 'MEX','', 'Mexico', 1)/;
insert into equipo (id, nombre,  bandera, nombre_grupo, id_grupo) values (4, 'CAM','', 'Camerun', 1)/;

-- Partido
insert into partido (id, fecha, equipo_local_id, equipo_visitante_id, goles_local, goles_visitante) values (1, '2014-06-12', 1, 2, 0, 0)/;
insert into partido (id, fecha, equipo_local_id, equipo_visitante_id, goles_local, goles_visitante) values (2, '2014-06-13', 3, 4, 0, 0)/;
insert into partido (id, fecha, equipo_local_id, equipo_visitante_id, goles_local, goles_visitante) values (3, '2014-06-17', 1, 3, 0, 0)/;
insert into partido (id, fecha, equipo_local_id, equipo_visitante_id, goles_local, goles_visitante) values (4, '2014-06-18', 4, 2, 0, 0)/;


